device,variant,rep,renderer,tier,target_ms,frames,fps,p50_ms,p95_ms,p99_ms,over_target,drawn_med,drawn_max,err_med_px,err_p95_px,B_final,downloaded_mb,tti_ms,first_pixel_ms
mac_m3_cpu4x,cas,0,"ANGLE (Apple, ANGLE Metal Renderer: Apple M3, Unspecified Version)",B,16.7,3601,60.00240109580614,16.665000000000873,16.67000000000189,16.67000000000553,0.0,280138.0,1519886.0,0.0,1.332020333389536,3000000,21.685212,15983.764999866486,18.56484365463257
mac_m3_cpu4x,cas,1,"ANGLE (Apple, ANGLE Metal Renderer: Apple M3, Unspecified Version)",B,16.7,3601,60.00240109580615,16.665000000000873,16.67000000000189,16.67000000000553,0.0,286411.0,1591894.0,0.0,1.3342759420857468,3000000,22.5156,13753.239999771118,19.449912071228027
mac_m3_cpu4x,cas,2,"ANGLE (Apple, ANGLE Metal Renderer: Apple M3, Unspecified Version)",B,16.7,3601,60.00240109580614,16.665000000000873,16.67000000000189,16.67000000000553,0.0,295208.0,1593388.0,0.0,1.331815104977426,3000000,22.537308,14181.54000043869,19.424951553344727
mac_m3_cpu4x,fixed100k,0,"ANGLE (Apple, ANGLE Metal Renderer: Apple M3, Unspecified Version)",B,16.7,3601,60.00240109580614,16.665000000000873,16.67000000000189,16.67000000000553,0.0,100000.0,100000.0,10.379136654158483,41.55037095993496,100000,6.27876,14112.545000076294,18.77496099472046
mac_m3_cpu4x,fixed100k,1,"ANGLE (Apple, ANGLE Metal Renderer: Apple M3, Unspecified Version)",B,16.7,3602,60.002397097429856,16.665000000000873,16.67000000000189,16.67000000000553,0.0,100000.0,100000.0,10.258155415240456,41.68002900482509,100000,6.134748,13964.659999847412,17.645146369934082
mac_m3_cpu4x,fixed100k,2,"ANGLE (Apple, ANGLE Metal Renderer: Apple M3, Unspecified Version)",B,16.7,3600,59.98573339307468,16.665000000000873,16.67000000000189,16.67000000000553,0.0002777777777777778,100000.0,100000.0,10.256750806699555,41.653098284796215,100000,6.088596,14618.06500005722,19.834892749786377
mac_m3_cpu4x,fixed1m,0,"ANGLE (Apple, ANGLE Metal Renderer: Apple M3, Unspecified Version)",B,16.7,3662,60.002402062299915,16.665000000000873,16.67000000000189,16.67000000000553,0.0,288968.0,849326.0,0.9810299717515643,1.5346213501414794,1000000,22.436196,14386.044999599457,19.00518560409546
mac_m3_cpu4x,fixed1m,1,"ANGLE (Apple, ANGLE Metal Renderer: Apple M3, Unspecified Version)",B,16.7,3601,60.00240109580614,16.665000000000873,16.67000000000189,16.67000000000553,0.0,291527.0,848858.0,0.9810299717515643,1.5368407740875878,1000000,22.630728,13819.715000152588,19.719980716705322
mac_m3_cpu4x,fixed1m,2,"ANGLE (Apple, ANGLE Metal Renderer: Apple M3, Unspecified Version)",B,16.7,3601,60.00239609679498,16.665000000000873,16.67000000000189,16.67000000000553,0.0,265596.0,848862.0,0.9810299717515643,1.5369638376826573,1000000,20.479644,14312.585000038147,17.490029335021973
mac_m3_cpu4x,fixed3m,0,"ANGLE (Apple, ANGLE Metal Renderer: Apple M3, Unspecified Version)",B,16.7,3601,60.002406094818134,16.665000000000873,16.67000000000189,16.67000000000553,0.0,290358.0,1524747.0,0.0,0.4996398870214091,3000000,22.693644,14676.819999694824,17.59988260269165
mac_m3_cpu4x,fixed3m,1,"ANGLE (Apple, ANGLE Metal Renderer: Apple M3, Unspecified Version)",B,16.7,3601,60.00240109580613,16.665000000000873,16.67000000000189,16.67000000000553,0.0,296451.0,1495885.0,0.0,0.49963841287914046,3000000,22.17732,14793.47500038147,24.270156383514404
mac_m3_cpu4x,fixed3m,2,"ANGLE (Apple, ANGLE Metal Renderer: Apple M3, Unspecified Version)",B,16.7,3662,60.00240206229993,16.665000000000873,16.67000000000189,16.67000000000553,0.0,287647.0,1487287.0,0.0,0.49971062610527683,3000000,21.900408,14753.855000019073,17.970038890838623
mac_m3,cas,0,"ANGLE (Apple, ANGLE Metal Renderer: Apple M3, Unspecified Version)",B,16.7,3724,60.002399129224045,16.665000000000873,16.67000000000189,16.67000000000553,0.0,275235.0,1517822.0,0.0,1.2939438120701736,3000000,21.216072,15852.414999961853,23.50995111465454
mac_m3,cas,1,"ANGLE (Apple, ANGLE Metal Renderer: Apple M3, Unspecified Version)",B,16.7,3605,60.00240508946891,16.665000000000873,16.67000000000189,16.67000000000553,0.0,281950.0,1543349.0,0.0,1.3341770753387523,3000000,22.000536,13979.924999713898,9.885214805603027
mac_m3,cas,2,"ANGLE (Apple, ANGLE Metal Renderer: Apple M3, Unspecified Version)",B,16.7,3605,60.00240508946891,16.665000000000873,16.67000000000189,16.67000000000553,0.0,289728.0,1556407.0,0.0,1.3341270994037158,3000000,22.10646,13916.210000038147,12.06515645980835
mac_m3,fixed100k,0,"ANGLE (Apple, ANGLE Metal Renderer: Apple M3, Unspecified Version)",B,16.7,3606,60.00240109441984,16.665000000000873,16.67000000000189,16.67000000000553,0.0,100000.0,100000.0,10.367093196678491,43.332408237734,100000,6.288492,15914.644999980927,10.75476598739624
mac_m3,fixed100k,1,"ANGLE (Apple, ANGLE Metal Renderer: Apple M3, Unspecified Version)",B,16.7,3605,60.00240009600384,16.665000000000873,16.67000000000189,16.67000000000553,0.0,100000.0,100000.0,10.3873499196942,41.58212548609737,100000,6.163956,14226.140000343323,20.68515634536743
mac_m3,fixed100k,2,"ANGLE (Apple, ANGLE Metal Renderer: Apple M3, Unspecified Version)",B,16.7,3605,60.00240009600384,16.665000000000873,16.67000000000189,16.67000000000553,0.0,100000.0,100000.0,10.258584405087529,41.68033151830781,100000,6.088596,14040.545000076294,10.824921607971191
mac_m3,fixed1m,0,"ANGLE (Apple, ANGLE Metal Renderer: Apple M3, Unspecified Version)",B,16.7,3608,60.00240308959158,16.665000000000873,16.67000000000189,16.67000000000553,0.0,291899.0,848972.0,0.9810299717515643,1.5369638066769145,1000000,22.240716,13962.93499994278,22.43491220474243
mac_m3,fixed1m,1,"ANGLE (Apple, ANGLE Metal Renderer: Apple M3, Unspecified Version)",B,16.7,3605,60.00240009600385,16.665000000000873,16.67000000000189,16.67000000000553,0.0,291899.0,849812.0,0.9954478172848784,1.536166261271657,1000000,22.315908,14279.5,10.769941806793213
mac_m3,fixed1m,2,"ANGLE (Apple, ANGLE Metal Renderer: Apple M3, Unspecified Version)",B,16.7,3605,60.00240009600384,16.665000000000873,16.67000000000189,16.67000000000553,0.0,296878.0,849812.0,0.9958674917308927,1.5362281608568324,1000000,22.74774,14434.120000362396,11.1100492477417
mac_m3,fixed3m,0,"ANGLE (Apple, ANGLE Metal Renderer: Apple M3, Unspecified Version)",B,16.7,3605,60.00240508946891,16.665000000000873,16.67000000000189,16.67000000000553,0.0,293631.0,1515213.0,0.0,0.49970224384908357,3000000,22.582644,13855.670000076294,8.094834327697754
mac_m3,fixed3m,1,"ANGLE (Apple, ANGLE Metal Renderer: Apple M3, Unspecified Version)",B,16.7,3605,60.00240508946891,16.665000000000873,16.67000000000189,16.67000000000553,0.0,283113.0,1492064.0,0.0,0.4996753816779415,3000000,21.935484,14231.009999752045,17.55496072769165
mac_m3,fixed3m,2,"ANGLE (Apple, ANGLE Metal Renderer: Apple M3, Unspecified Version)",B,16.7,3665,60.002395184287984,16.665000000000873,16.67000000000189,16.67000000000553,0.0,280138.0,1485938.0,0.0,0.4997494551531818,3000000,21.99906,13775.420000076294,14.279911994934082
bmax_a100,cas,0,"ANGLE (NVIDIA, Vulkan 1.4.325 (NVIDIA NVIDIA A100-SXM4-80GB (0x000020B2)), NVIDIA)",B,16.7,3539,60.00239907868596,16.665000000000873,16.67000000000189,16.67000000000553,0.0,1371573.0,4794489.0,0.0,0.0,6000000,60.001692,2082.4800004959106,20.90505886077881
bmax_a100,cas,1,"ANGLE (NVIDIA, Vulkan 1.4.325 (NVIDIA NVIDIA A100-SXM4-80GB (0x000020B2)), NVIDIA)",B,16.7,3541,60.00239602903093,16.665000000000873,16.67000000000189,16.67000000000553,0.0,1371573.0,4794489.0,0.0,0.0,6000000,60.001692,1858.0500001907349,166.28487300872803
bmax_a100,cas,2,"ANGLE (NVIDIA, Vulkan 1.4.325 (NVIDIA NVIDIA A100-SXM4-80GB (0x000020B2)), NVIDIA)",B,16.7,3540,60.00240009600384,16.665000000000873,16.67000000000189,16.67000000000553,0.0,1371573.0,4794489.0,0.0,0.0,6000000,60.001692,1654.0300006866455,121.22003936767578
bmax_a100,fixed100k,0,"ANGLE (NVIDIA, Vulkan 1.4.325 (NVIDIA NVIDIA A100-SXM4-80GB (0x000020B2)), NVIDIA)",B,16.7,3539,60.00240416527568,16.665000000000873,16.67000000000189,16.67000000000553,0.0,100000.0,100000.0,13.960679212719846,61.029922835728655,100000,6.640044,1737.1849994659424,137.52513599395752
bmax_a100,fixed100k,1,"ANGLE (NVIDIA, Vulkan 1.4.325 (NVIDIA NVIDIA A100-SXM4-80GB (0x000020B2)), NVIDIA)",B,16.7,3540,60.00240009600384,16.665000000000873,16.67000000000189,16.67000000000553,0.0,100000.0,100000.0,13.963060977790546,61.030378367466085,100000,6.640044,1754.7599992752075,151.97468757629395
bmax_a100,fixed100k,2,"ANGLE (NVIDIA, Vulkan 1.4.325 (NVIDIA NVIDIA A100-SXM4-80GB (0x000020B2)), NVIDIA)",B,16.7,3600,60.00240009600384,16.665000000000873,16.67000000000189,16.67000000000553,0.0,100000.0,100000.0,13.88553652324239,60.14198773802175,100000,6.640044,1810.2650003433228,142.03511714935303
bmax_a100,fixed1m,0,"ANGLE (NVIDIA, Vulkan 1.4.325 (NVIDIA NVIDIA A100-SXM4-80GB (0x000020B2)), NVIDIA)",B,16.7,3541,60.00240111274716,16.665000000000873,16.67000000000189,16.67000000000553,0.0,999745.0,1000000.0,1.2307066647198308,2.0338448147211885,1000000,45.000924,1740.119999885559,139.6699504852295
bmax_a100,fixed1m,1,"ANGLE (NVIDIA, Vulkan 1.4.325 (NVIDIA NVIDIA A100-SXM4-80GB (0x000020B2)), NVIDIA)",B,16.7,3540,60.00239501085169,16.665000000000873,16.67000000000189,16.67000000000553,0.0,999745.0,1000000.0,1.230546492328037,2.0338448147211885,1000000,45.000924,1703.715000152588,162.91991233825684
bmax_a100,fixed1m,2,"ANGLE (NVIDIA, Vulkan 1.4.325 (NVIDIA NVIDIA A100-SXM4-80GB (0x000020B2)), NVIDIA)",B,16.7,3540,60.00240009600384,16.665000000000873,16.67000000000189,16.67000000000553,0.0,999792.0,1000000.0,1.2295585550920194,2.0337272272394227,1000000,45.000924,1728.710000038147,93.67501926422119
bmax_a100,fixed3m,0,"ANGLE (NVIDIA, Vulkan 1.4.325 (NVIDIA NVIDIA A100-SXM4-80GB (0x000020B2)), NVIDIA)",B,16.7,3541,60.00240111274715,16.665000000000873,16.67000000000189,16.67000000000553,0.0,1371573.0,2550000.0,0.0,0.6540138489409052,3000000,60.001692,1759.125,147.6599407196045
bmax_a100,fixed3m,1,"ANGLE (NVIDIA, Vulkan 1.4.325 (NVIDIA NVIDIA A100-SXM4-80GB (0x000020B2)), NVIDIA)",B,16.7,3600,60.00240009600384,16.665000000000873,16.67000000000189,16.67000000000553,0.0,1377900.0,2550000.0,0.0,0.6540138489409052,3000000,60.001692,1743.3550004959106,132.18503952026367
bmax_a100,fixed3m,2,"ANGLE (NVIDIA, Vulkan 1.4.325 (NVIDIA NVIDIA A100-SXM4-80GB (0x000020B2)), NVIDIA)",B,16.7,3540,60.00240009600384,16.665000000000873,16.67000000000189,16.67000000000553,0.0,1371573.0,2550000.0,0.0,0.6532800092066418,3000000,60.001692,1727.619999885559,98.70502853393555
bmax_swiftshader,cas,0,"ANGLE (Google, Vulkan 1.3.0 (SwiftShader Device (Subzero) (0x0000C0DE)), SwiftShader driver)",S,33.3,2983,50.20677685452439,16.665000000000873,33.33499999999913,33.3350000000064,0.003352329869259135,150000.0,150000.0,6.6921520223280675,38.467873440644986,150000,8.343276,1033.875,415.3650779724121
bmax_swiftshader,cas,1,"ANGLE (Google, Vulkan 1.3.0 (SwiftShader Device (Subzero) (0x0000C0DE)), SwiftShader driver)",S,33.3,2616,43.808620300589766,16.669999999998254,33.33499999999913,33.3350000000064,0.0011467889908256881,149769.5,150000.0,6.687674235086456,38.621034633133334,150000,8.343276,974.5250005722046,402.3350591659546
bmax_swiftshader,cas,2,"ANGLE (Google, Vulkan 1.3.0 (SwiftShader Device (Subzero) (0x0000C0DE)), SwiftShader driver)",S,33.3,2571,43.0911091192251,16.669999999998254,33.33499999999913,33.3350000000064,0.004667444574095682,134614.0,150000.0,6.807502296202027,59.82999351610999,150000,8.020812,897.7800006866455,386.43987369537354
bmax_swiftshader,fixed100k,0,"ANGLE (Google, Vulkan 1.3.0 (SwiftShader Device (Subzero) (0x0000C0DE)), SwiftShader driver)",S,33.3,3182,53.37647288535565,16.665000000000873,33.33499999999913,33.335000000002765,0.0015713387806411063,100000.0,100000.0,9.15282288942749,38.42245777509869,100000,5.989908,1096.454999923706,418.76011657714844
bmax_swiftshader,fixed100k,1,"ANGLE (Google, Vulkan 1.3.0 (SwiftShader Device (Subzero) (0x0000C0DE)), SwiftShader driver)",S,33.3,3199,54.05453813954046,16.665000000000873,33.330000000001746,33.335000000000946,0.0009377930603313535,100000.0,100000.0,9.17727047587263,38.58568651490133,100000,5.989908,1097.9399995803833,469.94993114471436
bmax_swiftshader,fixed100k,2,"ANGLE (Google, Vulkan 1.3.0 (SwiftShader Device (Subzero) (0x0000C0DE)), SwiftShader driver)",S,33.3,3254,54.96841216714147,16.665000000000873,33.330000000001746,33.335000000000036,0.00030731407498463427,100000.0,100000.0,9.241688142062197,39.57887934203499,100000,5.989908,1018.7449998855591,362.4100103378296
bmax_swiftshader,fixed1m,0,"ANGLE (Google, Vulkan 1.3.0 (SwiftShader Device (Subzero) (0x0000C0DE)), SwiftShader driver)",S,33.3,731,12.293092207104465,83.32999999999447,133.32999999999993,149.99349999999612,0.8454172366621067,547683.0,849962.0,0.987556167292399,1.3409514613432503,1000000,34.9983,1320.4049997329712,24.765214920043945
bmax_swiftshader,fixed1m,1,"ANGLE (Google, Vulkan 1.3.0 (SwiftShader Device (Subzero) (0x0000C0DE)), SwiftShader driver)",S,33.3,738,12.526666905997295,83.32499999999709,133.32500000000127,133.33000000000175,0.8482384823848238,547683.0,849969.0,0.9892203164473357,1.3414997333036094,1000000,34.781052,1277.4449996948242,22.755048751831055
bmax_swiftshader,fixed1m,2,"ANGLE (Google, Vulkan 1.3.0 (SwiftShader Device (Subzero) (0x0000C0DE)), SwiftShader driver)",S,33.3,728,12.246074779780924,83.32999999999447,133.32500000000073,133.33000000000175,0.8612637362637363,547683.0,849952.0,0.9886939250325485,1.3444007293271645,1000000,34.857948,1077.1350002288818,451.0851860046387
bmax_swiftshader,fixed3m,0,"ANGLE (Google, Vulkan 1.3.0 (SwiftShader Device (Subzero) (0x0000C0DE)), SwiftShader driver)",S,33.3,715,12.1225530774966,66.66500000000087,149.9950000000008,166.6642999999993,0.8349650349650349,515864.0,1158324.0,0.9847182603045378,0.9989387886343553,3000000,36.701028,1206.039999961853,35.1449613571167
bmax_swiftshader,fixed3m,1,"ANGLE (Google, Vulkan 1.3.0 (SwiftShader Device (Subzero) (0x0000C0DE)), SwiftShader driver)",S,33.3,697,11.787394303475343,66.67000000000553,149.99500000000117,166.66020000000069,0.8550932568149211,519432.0,1159517.0,0.9844317153494728,0.998917815084199,3000000,36.549372,1138.1450004577637,474.9299020767212
bmax_swiftshader,fixed3m,2,"ANGLE (Google, Vulkan 1.3.0 (SwiftShader Device (Subzero) (0x0000C0DE)), SwiftShader driver)",S,33.3,713,11.920231416329964,83.32500000000073,149.9950000000008,166.66000000000327,0.8316970546984572,524983.0,1162351.0,0.9845004728775202,0.9990555681612148,3000000,36.907848,1166.2200002670288,26.295156478881836
